<modification>
	<id>Xero</id>
	<version>OC 2</version>
	<vqmver>2.5.0</vqmver>
	<author>Equotix</author>
	<file name="catalog/model/account/customer.php">
		<operation>
			<search position="after"><![CDATA[
				$customer_id = $this->db->getLastId();
			]]></search>
			<add><![CDATA[
				$this->load->model('extension/xero');
				
				$data['customer_id'] = $customer_id;
				
				$this->model_extension_xero->exportCustomer($data);
			]]></add>
		</operation>
		<operation>
			<search position="after"><![CDATA[
				public function editCustomer
			]]></search>
			<add><![CDATA[
				$this->load->model('extension/xero');
				
				$data['customer_id'] = $this->customer->getId();
				
				$this->model_extension_xero->exportCustomer($data);
			]]></add>
		</operation>
	</file>
	<file name="admin/model/sale/customer.php,admin/model/customer/customer.php" error="skip">
		<operation>
			<search position="after"><![CDATA[
				$customer_id = $this->db->getLastId();
			]]></search>
			<add><![CDATA[
				$this->load->model('extension/xero'); 
				
				$data['customer_id'] = $customer_id;
				
				$this->model_extension_xero->exportCustomer($data);
			]]></add>
		</operation>
		<operation>
			<search position="after"><![CDATA[
				public function editCustomer
			]]></search>
			<add><![CDATA[
				$this->load->model('extension/xero');
				
				$data['customer_id'] = $customer_id;
				
				$this->model_extension_xero->exportCustomer($data);
			]]></add>
		</operation>
	</file>
	<file name="catalog/model/checkout/order.php">
		<operation>
			<search position="after"><![CDATA[
				function addOrderHistory(
			]]></search>
			<add><![CDATA[
				$this->db->query("UPDATE `" . DB_PREFIX . "order` SET xero_exported = '0' WHERE order_id = '" . (int)$order_id . "'");
			]]></add>
		</operation>
	</file>
	<!-- OpenCart 2.0.x - 2.2.x -->
	<file name="admin/controller/common/menu.php" error="skip">
		<operation>
			<search position="after"><![CDATA[
				$data['affiliate']
			]]></search>
			<add><![CDATA[
				$data['text_xero'] = $this->language->get('text_xero');
				$data['xero'] = $this->url->link('extension/xero', 'token=' . $this->session->data['token'], 'SSL');
			]]></add>
		</operation>
	</file>
	<file name="admin/language/*/common/menu.php" error="skip">
		<operation>
			<search position="after" index="1"><![CDATA[
				$_
			]]></search>
			<add><![CDATA[
				$_['text_xero'] = 'Xero';
			]]></add>
		</operation>
	</file>
	<file name="admin/view/template/common/menu.tpl" error="skip">
		<operation>
			<search position="after"><![CDATA[
				<li><a href="<?php echo $feed; ?>"><?php echo $text_feed; ?></a></li>
			]]></search>
			<add><![CDATA[
				<li><a href="<?php echo $xero; ?>"><?php echo $text_xero; ?></a></li>
			]]></add>
		</operation>
	</file>
	<!-- OpenCart 2.3.x and above -->
	<file name="admin/controller/common/column_left.php" error="skip">
		<operation error="skip">
			<search position="before"><![CDATA[
				if ($this->user->hasPermission('access', 'extension/event')) {
			]]></search>
			<add><![CDATA[
				if ($this->user->hasPermission('access', 'extension/xero')) {
					$extension[] = array(
						'name'	   => $this->language->get('text_xero'),
						'href'     => $this->url->link('extension/xero', 'token=' . $this->session->data['token'], true),
						'children' => array()		
					);
				}
			]]></add>
		</operation>
	</file>
	<file name="admin/language/*/common/column_left.php" error="skip">
		<operation>
			<search position="after" index="1"><![CDATA[
				$_
			]]></search>
			<add><![CDATA[
				$_['text_xero'] = 'Xero';
			]]></add>
		</operation>
	</file>
</modification>